<?xml version="1.0" encoding="UTF-8"?>
<GenRun Id="synth_1" LaunchPart="xc7z020clg484-1" LaunchTime="1748157731">
  <File Type="PA-TCL" Name="logic_func8_with_reg.tcl"/>
  <File Type="RDS-PROPCONSTRS" Name="logic_func8_with_reg_drc_synth.rpt"/>
  <File Type="REPORTS-TCL" Name="logic_func8_with_reg_reports.tcl"/>
  <File Type="RDS-RDS" Name="logic_func8_with_reg.vds"/>
  <File Type="RDS-UTIL" Name="logic_func8_with_reg_utilization_synth.rpt"/>
  <File Type="RDS-UTIL-PB" Name="logic_func8_with_reg_utilization_synth.pb"/>
  <File Type="RDS-DCP" Name="logic_func8_with_reg.dcp"/>
  <File Type="VDS-TIMINGSUMMARY" Name="logic_func8_with_reg_timing_summary_synth.rpt"/>
  <File Type="VDS-TIMING-PB" Name="logic_func8_with_reg_timing_summary_synth.pb"/>
  <FileSet Name="sources" Type="DesignSrcs" RelSrcDir="$PSRCDIR/sources_1" RelGenDir="$PGENDIR/sources_1">
    <Filter Type="Srcs"/>
    <File Path="$PPRDIR/../../codes/8_ip_fun.v">
      <FileInfo>
        <Attr Name="UsedIn" Val="synthesis"/>
        <Attr Name="UsedIn" Val="implementation"/>
        <Attr Name="UsedIn" Val="simulation"/>
      </FileInfo>
    </File>
    <Config>
      <Option Name="DesignMode" Val="RTL"/>
      <Option Name="TopModule" Val="logic_func8_with_reg"/>
      <Option Name="TopAutoSet" Val="TRUE"/>
    </Config>
  </FileSet>
  <FileSet Name="constrs_in" Type="Constrs" RelSrcDir="$PSRCDIR/constrs_1" RelGenDir="$PGENDIR/constrs_1">
    <Filter Type="Constrs"/>
    <Config>
      <Option Name="ConstrsType" Val="XDC"/>
    </Config>
  </FileSet>
  <FileSet Name="utils" Type="Utils" RelSrcDir="$PSRCDIR/utils_1" RelGenDir="$PGENDIR/utils_1">
    <Filter Type="Utils"/>
    <Config>
      <Option Name="TopAutoSet" Val="TRUE"/>
    </Config>
  </FileSet>
  <Strategy Version="1" Minor="2">
    <StratHandle Name="Vivado Synthesis Defaults" Flow="Vivado Synthesis 2024">
      <Desc>Vivado Synthesis Defaults</Desc>
    </StratHandle>
    <Step Id="synth_design"/>
  </Strategy>
</GenRun>
